,Date,Time,Transaction,Item
0,2016-10-30,09:58:11,1,Bread
1,2016-10-30,10:05:34,2,Scandinavian
2,2016-10-30,10:05:34,2,Scandinavian
3,2016-10-30,10:07:57,3,Hot chocolate
4,2016-10-30,10:07:57,3,Jam
5,2016-10-30,10:07:57,3,Cookies
6,2016-10-30,10:08:41,4,Muffin
7,2016-10-30,10:13:03,5,Coffee
8,2016-10-30,10:13:03,5,Pastry
9,2016-10-30,10:13:03,5,Bread
10,2016-10-30,10:16:55,6,Medialuna
11,2016-10-30,10:16:55,6,Pastry
12,2016-10-30,10:16:55,6,Muffin
13,2016-10-30,10:19:12,7,Medialuna
14,2016-10-30,10:19:12,7,Pastry
15,2016-10-30,10:19:12,7,Coffee
16,2016-10-30,10:19:12,7,Tea
17,2016-10-30,10:20:51,8,Pastry
18,2016-10-30,10:20:51,8,Bread
19,2016-10-30,10:21:59,9,Bread
20,2016-10-30,10:21:59,9,Muffin
21,2016-10-30,10:25:58,10,Scandinavian
22,2016-10-30,10:25:58,10,Medialuna
23,2016-10-30,10:27:21,11,Bread
24,2016-10-30,10:27:21,11,Medialuna
25,2016-10-30,10:27:21,11,Bread
27,2016-10-30,10:30:14,12,Jam
28,2016-10-30,10:30:14,12,Coffee
29,2016-10-30,10:30:14,12,Tartine
30,2016-10-30,10:30:14,12,Pastry
31,2016-10-30,10:30:14,12,Tea
32,2016-10-30,10:31:24,13,Basket
33,2016-10-30,10:31:24,13,Bread
34,2016-10-30,10:31:24,13,Coffee
35,2016-10-30,10:32:46,14,Bread
36,2016-10-30,10:32:46,14,Medialuna
37,2016-10-30,10:32:46,14,Pastry
40,2016-10-30,10:34:36,15,Mineral water
41,2016-10-30,10:34:36,15,Scandinavian
42,2016-10-30,10:37:08,16,Bread
43,2016-10-30,10:37:08,16,Medialuna
44,2016-10-30,10:37:08,16,Coffee
45,2016-10-30,10:38:04,17,Hot chocolate
46,2016-10-30,10:41:56,18,Farm House
47,2016-10-30,10:43:08,19,Farm House
48,2016-10-30,10:43:08,19,Bread
49,2016-10-30,10:45:22,20,Bread
50,2016-10-30,10:45:22,20,Medialuna
51,2016-10-30,10:49:29,21,Coffee
52,2016-10-30,10:49:29,21,Coffee
53,2016-10-30,10:49:29,21,Medialuna
54,2016-10-30,10:49:29,21,Bread
55,2016-10-30,10:52:15,22,Jam
56,2016-10-30,10:53:49,23,Scandinavian
57,2016-10-30,10:53:49,23,Muffin
58,2016-10-30,10:54:33,24,Bread
59,2016-10-30,10:55:22,25,Scandinavian
60,2016-10-30,10:56:08,26,Fudge
61,2016-10-30,11:02:19,27,Scandinavian
62,2016-10-30,11:03:24,28,Coffee
63,2016-10-30,11:03:24,28,Bread
64,2016-10-30,11:05:30,29,Bread
65,2016-10-30,11:05:30,29,Jam
67,2016-10-30,11:07:19,30,Bread
68,2016-10-30,11:12:56,31,Basket
69,2016-10-30,11:16:15,32,Scandinavian
70,2016-10-30,11:16:15,32,Muffin
71,2016-10-30,11:22:49,33,Coffee
72,2016-10-30,11:25:45,34,Coffee
73,2016-10-30,11:25:45,34,Muffin
74,2016-10-30,11:27:34,35,Muffin
75,2016-10-30,11:27:34,35,Scandinavian
76,2016-10-30,11:33:08,36,Tea
77,2016-10-30,11:33:08,36,Bread
78,2016-10-30,11:37:10,37,Coffee
79,2016-10-30,11:37:10,37,Bread
81,2016-10-30,11:42:40,38,Bread
82,2016-10-30,11:42:40,38,Tea
83,2016-10-30,11:44:31,39,Scandinavian
84,2016-10-30,11:55:51,40,Juice
86,2016-10-30,11:55:51,40,Tartine
87,2016-10-30,11:55:51,40,Coffee
88,2016-10-30,11:55:51,40,Muffin
89,2016-10-30,11:57:06,41,Scandinavian
90,2016-10-30,11:57:45,42,Bread
91,2016-10-30,11:57:45,42,Tea
92,2016-10-30,12:00:22,43,Scandinavian
93,2016-10-30,12:00:22,43,Fudge
94,2016-10-30,12:05:47,44,Coffee
95,2016-10-30,12:05:47,44,Medialuna
96,2016-10-30,12:08:36,45,Coffee
97,2016-10-30,12:08:36,45,Hot chocolate
98,2016-10-30,12:08:36,45,Medialuna
99,2016-10-30,12:09:04,46,Coffee
100,2016-10-30,12:15:29,47,Ella's Kitchen Pouches
101,2016-10-30,12:15:29,47,Juice
102,2016-10-30,12:15:29,47,Bread
103,2016-10-30,12:15:29,47,Muffin
104,2016-10-30,12:15:29,47,Jam
105,2016-10-30,12:17:02,48,Coffee
106,2016-10-30,12:23:01,49,Coffee
107,2016-10-30,12:23:01,49,Coffee
108,2016-10-30,12:23:01,49,Medialuna
109,2016-10-30,12:25:11,50,Bread
110,2016-10-30,12:25:11,50,Victorian Sponge
111,2016-10-30,12:26:58,51,Bread
112,2016-10-30,12:28:07,52,Scandinavian
113,2016-10-30,12:33:08,54,Bread
114,2016-10-30,12:38:06,55,Frittata
115,2016-10-30,12:38:06,55,Coffee
116,2016-10-30,12:38:06,55,Tea
117,2016-10-30,12:38:06,55,Hearty & Seasonal
118,2016-10-30,12:39:27,56,Coffee
119,2016-10-30,12:39:27,56,Frittata
120,2016-10-30,12:45:48,57,Scandinavian
121,2016-10-30,12:59:29,58,Victorian Sponge
122,2016-10-30,12:59:29,58,Hot chocolate
123,2016-10-30,12:59:29,58,Tea
124,2016-10-30,12:59:29,58,Soup
125,2016-10-30,13:02:04,59,Tea
127,2016-10-30,13:14:04,60,Cookies
128,2016-10-30,13:14:04,60,Coffee
129,2016-10-30,13:14:04,60,Juice
130,2016-10-30,13:14:04,60,Coffee
131,2016-10-30,13:15:38,61,Coffee
132,2016-10-30,13:24:00,62,Pick and Mix Bowls
133,2016-10-30,13:24:00,62,Hearty & Seasonal
134,2016-10-30,13:24:00,62,Hearty & Seasonal
135,2016-10-30,13:24:00,62,Coffee
136,2016-10-30,13:24:00,62,Smoothies
137,2016-10-30,13:24:00,62,Coffee
138,2016-10-30,13:33:12,63,Coffee
139,2016-10-30,13:34:07,64,Cake
141,2016-10-30,13:37:25,65,Tartine
142,2016-10-30,13:37:25,65,Mighty Protein
143,2016-10-30,13:37:25,65,Tea
144,2016-10-30,13:37:25,65,Coffee
145,2016-10-30,13:40:20,66,Hearty & Seasonal
146,2016-10-30,13:40:20,66,Frittata
147,2016-10-30,13:40:20,66,Mineral water
148,2016-10-30,13:46:48,67,Hearty & Seasonal
150,2016-10-30,13:46:48,67,Mineral water
151,2016-10-30,13:46:48,67,Muffin
152,2016-10-30,13:49:36,68,Frittata
153,2016-10-30,13:49:36,68,Coffee
154,2016-10-30,13:49:36,68,Tea
155,2016-10-30,13:49:36,68,Scandinavian
156,2016-10-30,13:49:36,68,Chicken sand
157,2016-10-30,13:51:49,69,Bread
158,2016-10-30,13:51:49,69,Tea
159,2016-10-30,13:51:49,69,Victorian Sponge
160,2016-10-30,13:54:42,70,Fudge
161,2016-10-30,13:56:08,71,Muffin
162,2016-10-30,14:21:38,72,Coffee
163,2016-10-30,14:21:38,72,Bread
164,2016-10-30,14:22:39,73,Bread
165,2016-10-30,14:24:03,74,Coffee
166,2016-10-30,14:24:03,74,Bread
168,2016-10-30,14:32:26,75,Jam
169,2016-10-30,14:32:26,75,Frittata
170,2016-10-30,14:32:49,76,Coffee
171,2016-10-30,14:35:36,77,Scandinavian
172,2016-10-30,14:42:29,78,Fudge
173,2016-10-30,14:45:44,79,Fudge
174,2016-10-30,14:45:44,79,Tea
175,2016-10-30,14:45:44,79,Coffee
176,2016-10-30,14:45:44,79,Muffin
177,2016-10-30,14:48:40,80,Frittata
178,2016-10-30,14:48:40,80,Bread
179,2016-10-30,14:48:40,80,Coffee
180,2016-10-31,08:28:31,81,Coffee
181,2016-10-31,08:28:31,81,Cake
182,2016-10-31,08:47:05,82,Tartine
184,2016-10-31,08:47:05,82,Bread
185,2016-10-31,08:57:47,83,Coffee
186,2016-10-31,08:57:47,83,Bread
187,2016-10-31,09:04:06,84,Bread
188,2016-10-31,09:10:09,85,Coffee
189,2016-10-31,09:10:09,85,Coffee
190,2016-10-31,09:10:09,85,Pastry
191,2016-10-31,09:10:09,85,Medialuna
192,2016-10-31,09:11:08,86,Juice
193,2016-10-31,09:12:56,87,Bread
194,2016-10-31,09:16:01,88,Coffee
195,2016-10-31,09:16:01,88,Coffee
196,2016-10-31,09:16:01,88,Jam
197,2016-10-31,09:19:41,89,Bread
198,2016-10-31,09:20:12,90,Bread
199,2016-10-31,09:20:12,90,Coffee
200,2016-10-31,09:22:48,91,Tea
202,2016-10-31,09:27:11,92,Coffee
203,2016-10-31,09:29:23,93,Bread
204,2016-10-31,09:29:23,93,Coke
205,2016-10-31,09:39:09,94,Coffee
206,2016-10-31,09:39:09,94,Coffee
207,2016-10-31,09:43:37,95,Tea
208,2016-10-31,09:43:37,95,Pastry
209,2016-10-31,09:43:37,95,Farm House
210,2016-10-31,09:46:48,96,Pastry
211,2016-10-31,09:46:48,96,Pastry
212,2016-10-31,09:46:48,96,Coffee
213,2016-10-31,09:46:48,96,Juice
214,2016-10-31,09:51:11,97,Coffee
215,2016-10-31,09:51:11,97,Pastry
216,2016-10-31,09:51:11,97,Juice
217,2016-10-31,09:52:22,98,Farm House
218,2016-10-31,09:56:37,99,Pastry
219,2016-10-31,09:56:37,99,Pastry
220,2016-10-31,09:56:37,99,Coffee
221,2016-10-31,09:56:37,99,Bread
222,2016-10-31,09:58:06,100,Bread
223,2016-10-31,10:04:02,101,Coffee
224,2016-10-31,10:04:02,101,Pastry
225,2016-10-31,10:04:44,102,Farm House
227,2016-10-31,10:07:40,103,Bread
228,2016-10-31,10:12:48,104,Coffee
229,2016-10-31,10:12:48,104,Coffee
230,2016-10-31,10:12:48,104,Medialuna
231,2016-10-31,10:12:48,104,Muffin
232,2016-10-31,10:12:48,104,Coffee
233,2016-10-31,10:21:29,105,Coffee
234,2016-10-31,10:21:29,105,Tea
236,2016-10-31,10:21:29,105,Cake
237,2016-10-31,10:24:21,106,Coffee
238,2016-10-31,10:24:21,106,Coffee
239,2016-10-31,10:24:21,106,Pastry
240,2016-10-31,10:24:21,106,Pastry
241,2016-10-31,10:27:30,107,Coffee
242,2016-10-31,10:27:30,107,Tea
243,2016-10-31,10:31:05,108,Farm House
244,2016-10-31,10:31:05,108,Muffin
245,2016-10-31,10:35:23,109,Bread
246,2016-10-31,10:35:23,109,Muffin
247,2016-10-31,10:35:23,109,Pastry
248,2016-10-31,10:36:37,110,Pastry
249,2016-10-31,10:38:09,111,Coffee
250,2016-10-31,10:59:17,112,Coffee
251,2016-10-31,11:02:37,113,Coffee
252,2016-10-31,11:02:37,113,Cake
253,2016-10-31,11:05:45,114,Farm House
254,2016-10-31,11:08:53,115,Bread
255,2016-10-31,11:11:01,116,Coffee
256,2016-10-31,11:13:08,117,Cookies
257,2016-10-31,11:13:08,117,Cake
258,2016-10-31,11:13:08,117,Coffee
259,2016-10-31,11:13:08,117,My-5 Fruit Shoot
260,2016-10-31,11:18:29,118,Cookies
261,2016-10-31,11:18:29,118,Cookies
262,2016-10-31,11:18:29,118,Tea
263,2016-10-31,11:18:29,118,Pastry
264,2016-10-31,11:25:56,119,Coffee
265,2016-10-31,11:25:56,119,Coffee
266,2016-10-31,11:25:56,119,Muffin
267,2016-10-31,11:29:01,120,Farm House
268,2016-10-31,11:30:59,121,Coffee
269,2016-10-31,11:30:59,121,Bread
270,2016-10-31,11:37:30,122,Cookies
271,2016-10-31,11:42:05,123,Jam
273,2016-10-31,11:42:05,123,Coffee
274,2016-10-31,11:42:05,123,Coffee
275,2016-10-31,11:42:05,123,Juice
276,2016-10-31,11:43:10,124,Coffee
277,2016-10-31,11:43:10,124,Soup
278,2016-10-31,11:47:18,125,Tea
279,2016-10-31,11:52:43,126,Coffee
280,2016-10-31,11:52:43,126,Jam
281,2016-10-31,11:53:11,127,Farm House
283,2016-10-31,11:55:00,128,Tartine
284,2016-10-31,11:55:00,128,Coffee
285,2016-10-31,11:55:00,128,Tea
286,2016-10-31,11:59:23,129,Coffee
287,2016-10-31,11:59:23,129,Coffee
288,2016-10-31,11:59:23,129,Cake
289,2016-10-31,12:03:12,130,Coffee
290,2016-10-31,12:03:12,130,Coffee
291,2016-10-31,12:03:12,130,Muffin
292,2016-10-31,12:08:28,131,Bread
293,2016-10-31,12:08:28,131,Coffee
294,2016-10-31,12:14:20,132,Tea
295,2016-10-31,12:14:20,132,Juice
296,2016-10-31,12:14:20,132,Pick and Mix Bowls
297,2016-10-31,12:14:20,132,Cookies
298,2016-10-31,12:16:32,133,Hearty & Seasonal
299,2016-10-31,12:16:32,133,Soup
300,2016-10-31,12:19:37,134,Hearty & Seasonal
301,2016-10-31,12:19:37,134,Tea
302,2016-10-31,12:19:37,134,Farm House
303,2016-10-31,12:20:21,135,Bread
304,2016-10-31,12:27:41,136,Tea
305,2016-10-31,12:27:41,136,Soup
306,2016-10-31,12:37:07,137,Farm House
307,2016-10-31,12:43:35,138,Soup
308,2016-10-31,12:43:35,138,Hearty & Seasonal
309,2016-10-31,12:43:35,138,Coffee
310,2016-10-31,12:50:57,139,Bread
311,2016-10-31,12:50:57,139,Muffin
312,2016-10-31,12:50:57,139,Hearty & Seasonal
313,2016-10-31,12:53:33,140,Coffee
314,2016-10-31,12:53:33,140,Coffee
315,2016-10-31,12:53:33,140,Cookies
316,2016-10-31,12:54:28,141,Bread
317,2016-10-31,12:56:47,142,Tea
318,2016-10-31,12:56:47,142,Muffin
319,2016-10-31,12:59:08,143,Tea
320,2016-10-31,13:02:11,144,Soup
321,2016-10-31,13:02:11,144,Hearty & Seasonal
322,2016-10-31,13:05:49,145,Coffee
323,2016-10-31,13:05:49,145,Tea
324,2016-10-31,13:05:49,145,Focaccia
325,2016-10-31,13:08:30,146,Sandwich
326,2016-10-31,13:09:31,147,Tartine
327,2016-10-31,13:09:31,147,Coffee
328,2016-10-31,13:21:17,148,Fudge
329,2016-10-31,13:21:17,148,Coffee
330,2016-10-31,13:21:17,148,Coffee
331,2016-10-31,13:26:03,149,Coffee
332,2016-10-31,13:31:33,150,Bread
333,2016-10-31,13:50:17,151,Coke
334,2016-10-31,13:50:17,151,Soup
335,2016-10-31,13:51:18,152,Muffin
336,2016-10-31,13:55:22,153,Tea
337,2016-10-31,13:55:22,153,Coffee
338,2016-10-31,13:55:22,153,Cookies
339,2016-10-31,13:55:22,153,Muffin
340,2016-10-31,14:00:21,154,Mighty Protein
341,2016-10-31,14:00:21,154,Hearty & Seasonal
342,2016-10-31,14:00:21,154,Coffee
343,2016-10-31,14:00:21,154,Coke
344,2016-10-31,14:01:30,155,Tea
345,2016-10-31,14:01:30,155,Muffin
346,2016-10-31,14:01:30,155,Sandwich
347,2016-10-31,14:04:16,156,Coffee
348,2016-10-31,14:04:16,156,Muffin
349,2016-10-31,14:05:07,157,Coffee
350,2016-10-31,14:05:07,157,Bread
351,2016-10-31,14:20:29,158,Coffee
352,2016-10-31,14:20:29,158,Muffin
353,2016-10-31,14:22:31,159,Bread
354,2016-10-31,14:22:31,159,Hot chocolate
355,2016-10-31,14:22:31,159,Cookies
356,2016-10-31,14:35:27,160,Mineral water
357,2016-10-31,14:35:27,160,Muffin
358,2016-10-31,14:42:34,161,Tea
359,2016-10-31,14:44:48,162,Muffin
360,2016-10-31,14:47:16,163,Coffee
361,2016-10-31,14:47:16,163,Juice
362,2016-10-31,14:47:36,164,Coffee
363,2016-10-31,14:47:36,164,Muffin
364,2016-10-31,14:48:49,165,Tea
365,2016-10-31,14:49:28,166,Coffee
366,2016-10-31,14:49:28,166,Muffin
367,2016-10-31,14:50:42,167,Sandwich
368,2016-10-31,14:50:42,167,Hearty & Seasonal
369,2016-10-31,14:50:42,167,Bread
370,2016-10-31,14:50:42,167,Mineral water
371,2016-10-31,14:56:25,168,Tea
372,2016-10-31,14:56:25,168,Coffee
373,2016-10-31,15:05:17,169,Mineral water
374,2016-10-31,15:16:49,170,Coffee
375,2016-10-31,15:20:16,171,Soup
376,2016-10-31,15:20:16,171,Tea
377,2016-10-31,17:06:47,172,Bread
378,2016-10-31,17:06:47,172,Coffee
379,2016-10-31,17:08:09,173,Bread
380,2016-10-31,17:08:09,173,Muffin
381,2016-10-31,17:40:21,174,Coffee
382,2016-10-31,17:49:42,175,Bread
383,2016-10-31,18:22:24,176,Cookies
384,2016-10-31,18:22:24,176,Coffee
385,2016-11-01,07:51:20,178,Coffee
386,2016-11-01,07:51:20,178,Pastry
387,2016-11-01,08:20:50,179,Coffee
388,2016-11-01,08:20:50,179,Pastry
389,2016-11-01,08:22:28,180,Jam
390,2016-11-01,08:22:28,180,Tea
391,2016-11-01,08:45:20,181,Tea
392,2016-11-01,08:45:20,181,Tea
393,2016-11-01,09:07:47,182,Pastry
394,2016-11-01,09:07:47,182,Pastry
395,2016-11-01,09:07:47,182,Ella's Kitchen Pouches
396,2016-11-01,09:09:26,183,Pastry
397,2016-11-01,09:26:03,184,Farm House
399,2016-11-01,09:26:03,184,Tea
400,2016-11-01,09:29:25,185,Tea
401,2016-11-01,09:29:25,185,Victorian Sponge
402,2016-11-01,09:43:13,186,Tea
403,2016-11-01,09:43:13,186,Pastry
404,2016-11-01,10:02:27,187,Bread
405,2016-11-01,10:04:05,188,Coffee
406,2016-11-01,10:29:02,189,Bread
407,2016-11-01,10:29:02,189,Coffee
408,2016-11-01,10:34:53,190,Coffee
409,2016-11-01,10:34:53,190,Pastry
410,2016-11-01,10:34:53,190,Pastry
411,2016-11-01,10:50:50,191,Soup
412,2016-11-01,10:50:50,191,Tea
414,2016-11-01,10:56:08,192,Bread
415,2016-11-01,11:00:48,193,Coffee
416,2016-11-01,11:04:36,194,Bread
417,2016-11-01,11:04:36,194,Bread
418,2016-11-01,11:06:09,195,Bread
420,2016-11-01,11:06:09,195,Scandinavian
421,2016-11-01,11:08:18,196,Bread
422,2016-11-01,11:08:18,196,Cake
423,2016-11-01,11:08:18,196,Cookies
424,2016-11-01,11:10:11,197,Coffee
425,2016-11-01,11:10:11,197,Coffee
426,2016-11-01,11:10:11,197,Tea
427,2016-11-01,11:11:58,198,Coffee
428,2016-11-01,11:11:58,198,Cookies
429,2016-11-01,11:13:20,199,Coffee
430,2016-11-01,11:16:30,200,Bread
432,2016-11-01,11:22:36,201,Coffee
433,2016-11-01,11:22:36,201,Pastry
434,2016-11-01,11:23:19,202,Coffee
435,2016-11-01,11:23:19,202,Coffee
436,2016-11-01,11:25:53,203,Coffee
437,2016-11-01,11:30:00,204,Scandinavian
438,2016-11-01,11:30:00,204,Bread
439,2016-11-01,11:49:31,205,Coffee
440,2016-11-01,11:49:31,205,Coffee
441,2016-11-01,11:49:31,205,Pastry
442,2016-11-01,11:54:17,206,Scandinavian
443,2016-11-01,11:54:17,206,Coffee
444,2016-11-01,11:54:17,206,Pastry
445,2016-11-01,12:03:37,207,Hearty & Seasonal
446,2016-11-01,12:03:37,207,Coffee
447,2016-11-01,12:03:37,207,Muffin
448,2016-11-01,12:10:09,208,Bread
449,2016-11-01,12:10:38,209,Coffee
450,2016-11-01,12:12:26,210,Scandinavian
451,2016-11-01,12:15:36,211,Soup
452,2016-11-01,12:15:36,211,Coffee
453,2016-11-01,12:20:30,212,Coffee
454,2016-11-01,12:20:30,212,Cookies
455,2016-11-01,12:20:30,212,Tartine
456,2016-11-01,12:22:04,213,Bread
457,2016-11-01,12:26:43,214,Bread
458,2016-11-01,12:26:43,214,Tea
459,2016-11-01,12:26:43,214,Tea
460,2016-11-01,12:30:30,215,Pastry
461,2016-11-01,12:30:30,215,Coffee
462,2016-11-01,12:31:30,216,Tartine
463,2016-11-01,12:31:30,216,Coffee
464,2016-11-01,12:33:31,217,Bread
465,2016-11-01,12:33:31,217,Cookies
466,2016-11-01,12:37:29,218,Sandwich
467,2016-11-01,12:41:16,219,Tartine
468,2016-11-01,12:49:16,220,Bread
469,2016-11-01,12:49:16,220,Pastry
470,2016-11-01,12:53:18,221,Bread
471,2016-11-01,12:53:18,221,Scandinavian
472,2016-11-01,13:08:46,222,Scandinavian
473,2016-11-01,13:11:34,223,Alfajores
474,2016-11-01,13:11:34,223,Coffee
475,2016-11-01,13:15:08,224,Coffee
476,2016-11-01,13:19:00,225,Coffee
477,2016-11-01,13:19:00,225,Coke
478,2016-11-01,13:19:00,225,Soup
479,2016-11-01,13:21:52,226,Cake
480,2016-11-01,13:31:35,227,Tea
481,2016-11-01,13:31:35,227,Sandwich
482,2016-11-01,13:31:35,227,Soup
483,2016-11-01,13:33:54,228,Coffee
484,2016-11-01,13:37:48,229,Hearty & Seasonal
485,2016-11-01,13:37:48,229,Bread
486,2016-11-01,13:41:53,230,Alfajores
487,2016-11-01,13:45:21,231,Cake
488,2016-11-01,14:10:03,232,Tea
489,2016-11-01,14:10:03,232,Tea
490,2016-11-01,14:10:03,232,Bread
491,2016-11-01,14:13:26,233,Coffee
492,2016-11-01,14:13:26,233,Tea
493,2016-11-01,14:13:26,233,Bread
494,2016-11-01,14:13:26,233,Soup
495,2016-11-01,14:14:01,234,Coffee
496,2016-11-01,14:14:01,234,Coffee
497,2016-11-01,14:18:52,235,Scandinavian
498,2016-11-01,14:22:07,236,Fudge
499,2016-11-01,14:25:14,237,Coffee
500,2016-11-01,14:25:14,237,Sandwich
501,2016-11-01,14:37:16,238,Tea
502,2016-11-01,14:37:16,238,Bread
503,2016-11-01,14:37:16,238,Cookies
504,2016-11-01,14:37:16,238,Pastry
505,2016-11-01,14:37:26,239,Muffin
506,2016-11-01,14:42:31,240,Scandinavian
507,2016-11-01,14:54:33,241,Jam
508,2016-11-01,14:54:33,241,Tea
509,2016-11-01,15:02:23,242,Juice
510,2016-11-01,15:02:23,242,Tea
511,2016-11-01,15:02:23,242,Alfajores
512,2016-11-01,15:18:43,243,Cake
513,2016-11-01,15:18:43,243,Muffin
514,2016-11-01,15:18:43,243,Coffee
515,2016-11-01,15:18:43,243,Soup
516,2016-11-01,15:33:18,244,Hot chocolate
517,2016-11-01,15:33:18,244,Cake
518,2016-11-01,15:33:18,244,Coffee
519,2016-11-01,15:37:30,245,Cake
520,2016-11-01,15:37:30,245,Cookies
521,2016-11-01,15:48:44,246,Tea
522,2016-11-01,15:48:44,246,Bread
523,2016-11-01,16:07:11,247,Alfajores
524,2016-11-01,16:07:11,247,Coffee
525,2016-11-01,16:07:11,247,Coffee
526,2016-11-01,16:07:11,247,Coffee
527,2016-11-01,16:07:11,247,Juice
528,2016-11-01,16:08:22,248,Coffee
529,2016-11-01,16:08:22,248,Tea
530,2016-11-01,16:08:22,248,Soup
531,2016-11-01,16:10:03,249,Hot chocolate
532,2016-11-01,16:10:42,250,Cookies
533,2016-11-01,16:26:55,251,Coffee
534,2016-11-01,16:26:55,251,Medialuna
535,2016-11-01,16:28:57,252,Bread
536,2016-11-01,16:28:57,252,Eggs
537,2016-11-01,17:46:13,253,Scandinavian
538,2016-11-01,18:43:55,254,Medialuna
539,2016-11-02,08:02:20,255,Coffee
540,2016-11-02,08:02:20,255,Coffee
541,2016-11-02,08:02:20,255,Pastry
542,2016-11-02,08:05:03,256,Coffee
543,2016-11-02,08:05:03,256,Bread
544,2016-11-02,08:07:05,257,Bread
545,2016-11-02,08:07:05,257,Coffee
546,2016-11-02,08:07:05,257,Pastry
548,2016-11-02,08:08:45,258,Coffee
549,2016-11-02,08:08:45,258,Pastry
550,2016-11-02,08:11:35,259,Pastry
551,2016-11-02,08:12:03,260,Coffee
552,2016-11-02,08:12:51,261,Coffee
553,2016-11-02,08:29:04,262,Coffee
554,2016-11-02,08:29:04,262,Hot chocolate
555,2016-11-02,08:29:04,262,Pastry
556,2016-11-02,08:53:32,263,Coke
557,2016-11-02,09:02:24,264,Coffee
558,2016-11-02,09:02:24,264,Jam
559,2016-11-02,09:03:13,265,Tea
561,2016-11-02,09:05:25,266,Bread
562,2016-11-02,09:05:25,266,Pastry
563,2016-11-02,09:18:53,267,Coffee
564,2016-11-02,09:18:53,267,Alfajores
565,2016-11-02,09:18:53,267,Farm House
566,2016-11-02,09:22:47,268,Tea
567,2016-11-02,09:22:47,268,Pastry
568,2016-11-02,09:25:31,269,Bread
569,2016-11-02,09:27:58,270,Coffee
570,2016-11-02,09:27:58,270,Jam
571,2016-11-02,09:33:47,271,Coffee
572,2016-11-02,09:33:47,271,Tea
573,2016-11-02,09:33:47,271,Coffee
574,2016-11-02,09:33:47,271,Pastry
575,2016-11-02,09:35:10,272,Farm House
576,2016-11-02,09:52:58,274,Coffee
578,2016-11-02,09:52:58,274,Bread
579,2016-11-02,09:52:58,274,Pastry
580,2016-11-02,09:53:28,275,Farm House
581,2016-11-02,09:54:47,276,Coffee
582,2016-11-02,09:54:47,276,Coffee
583,2016-11-02,09:54:47,276,Pastry
584,2016-11-02,10:12:15,277,Farm House
585,2016-11-02,10:13:27,278,Coffee
586,2016-11-02,10:13:27,278,Pastry
588,2016-11-02,10:15:48,279,Coffee
589,2016-11-02,10:17:22,280,Coffee
590,2016-11-02,10:17:22,280,Pastry
591,2016-11-02,10:29:56,281,Bread
592,2016-11-02,10:29:56,281,Bread
593,2016-11-02,10:37:45,282,Bread
594,2016-11-02,10:37:45,282,Coffee
595,2016-11-02,10:37:45,282,Pastry
596,2016-11-02,10:44:50,283,Pastry
597,2016-11-02,10:44:50,283,Coffee
598,2016-11-02,10:48:08,284,Coffee
599,2016-11-02,10:48:08,284,Farm House
600,2016-11-02,10:52:20,285,Farm House
601,2016-11-02,10:52:20,285,Farm House
602,2016-11-02,10:52:20,285,Pastry
603,2016-11-02,10:53:48,286,Bread
604,2016-11-02,10:53:48,286,Juice
605,2016-11-02,10:53:48,286,Alfajores
606,2016-11-02,10:56:40,287,Coffee
607,2016-11-02,10:56:40,287,Pastry
608,2016-11-02,10:59:16,288,Bread
609,2016-11-02,10:59:16,288,Alfajores
610,2016-11-02,11:00:57,289,Bread
611,2016-11-02,11:03:49,290,Coffee
612,2016-11-02,11:03:49,290,Cookies
613,2016-11-02,11:04:47,291,Coffee
614,2016-11-02,11:15:13,292,Cookies
615,2016-11-02,11:29:15,293,Hearty & Seasonal
616,2016-11-02,11:35:36,294,Coffee
617,2016-11-02,11:39:45,295,Jam
618,2016-11-02,11:39:45,295,Tartine
619,2016-11-02,11:39:45,295,Bread
620,2016-11-02,11:58:42,296,Farm House
621,2016-11-02,11:58:42,296,Scandinavian
622,2016-11-02,12:06:51,297,Hearty & Seasonal
623,2016-11-02,12:06:51,297,Coffee
624,2016-11-02,12:06:51,297,Muffin
625,2016-11-02,12:06:51,297,Scandinavian
626,2016-11-02,12:11:56,298,Tartine
627,2016-11-02,12:11:56,298,Pick and Mix Bowls
629,2016-11-02,12:11:56,298,Coffee
630,2016-11-02,12:11:56,298,Coke
631,2016-11-02,12:14:15,299,Bread
632,2016-11-02,12:18:15,300,Scandinavian
633,2016-11-02,12:18:15,300,Farm House
634,2016-11-02,12:18:15,300,Alfajores
635,2016-11-02,12:18:15,300,Coffee
636,2016-11-02,12:18:15,300,Coffee
637,2016-11-02,12:24:06,301,Juice
638,2016-11-02,12:24:06,301,Mineral water
639,2016-11-02,12:24:06,301,Soup
640,2016-11-02,12:27:31,302,Soup
641,2016-11-02,12:27:31,302,Tea
642,2016-11-02,12:30:42,303,Juice
643,2016-11-02,12:30:42,303,Tea
644,2016-11-02,12:30:42,303,Cookies
645,2016-11-02,12:30:42,303,Soup
646,2016-11-02,12:33:51,304,Hearty & Seasonal
647,2016-11-02,12:33:51,304,Tea
648,2016-11-02,12:35:41,305,Fudge
649,2016-11-02,12:39:02,306,Coffee
650,2016-11-02,12:39:02,306,Mineral water
651,2016-11-02,12:39:02,306,Juice
652,2016-11-02,12:39:02,306,Soup
653,2016-11-02,12:52:44,307,Hearty & Seasonal
654,2016-11-02,12:54:49,308,Hearty & Seasonal
655,2016-11-02,12:54:49,308,Smoothies
656,2016-11-02,12:56:40,309,Hearty & Seasonal
657,2016-11-02,12:56:40,309,Tea
658,2016-11-02,13:02:57,310,Coffee
659,2016-11-02,13:02:57,310,Sandwich
660,2016-11-02,13:02:57,310,Sandwich
661,2016-11-02,13:09:40,311,Cookies
662,2016-11-02,13:09:40,311,Farm House
663,2016-11-02,13:11:57,312,Soup
664,2016-11-02,13:11:57,312,Tea
665,2016-11-02,13:11:57,312,Juice
666,2016-11-02,13:12:44,313,Soup
667,2016-11-02,13:16:48,314,Coffee
668,2016-11-02,13:23:56,316,Bread
669,2016-11-02,13:42:15,317,Cookies
670,2016-11-02,13:42:15,317,Tea
671,2016-11-02,13:46:42,318,Soup
672,2016-11-02,13:46:42,318,Hearty & Seasonal
673,2016-11-02,13:46:42,318,Bread
674,2016-11-02,13:50:59,319,Coffee
675,2016-11-02,13:58:39,320,Coffee
676,2016-11-02,14:00:37,321,Coffee
677,2016-11-02,14:00:37,321,Tea
678,2016-11-02,14:01:20,322,Bread
679,2016-11-02,14:05:20,323,Tea
680,2016-11-02,14:11:14,324,Coffee
681,2016-11-02,14:11:14,324,Tea
682,2016-11-02,14:11:50,325,Coffee
683,2016-11-02,14:34:44,326,Fudge
684,2016-11-02,15:03:25,327,Tea
685,2016-11-02,15:25:57,328,Soup
686,2016-11-02,15:25:57,328,Tea
687,2016-11-02,15:33:54,329,Juice
688,2016-11-02,15:46:22,330,Alfajores
689,2016-11-02,15:57:42,331,Bread
690,2016-11-02,16:25:49,332,Coffee
691,2016-11-02,16:25:49,332,Alfajores
692,2016-11-02,16:54:35,333,Juice
693,2016-11-02,16:54:35,333,Alfajores
694,2016-11-02,16:54:35,333,Cookies
695,2016-11-02,16:54:35,333,Pick and Mix Bowls
696,2016-11-02,16:54:35,333,Mineral water
697,2016-11-02,17:01:56,334,Coffee
698,2016-11-02,17:01:56,334,Alfajores
699,2016-11-02,17:41:01,335,Fudge
700,2016-11-02,18:08:40,336,Mighty Protein
701,2016-11-02,18:08:40,336,Juice
702,2016-11-02,18:13:04,337,Coffee
703,2016-11-02,18:13:04,337,Mineral water
704,2016-11-02,18:13:04,337,Alfajores
705,2016-11-02,18:19:43,338,Mighty Protein
706,2016-11-02,18:19:43,338,Coffee
707,2016-11-02,18:40:02,339,Alfajores
708,2016-11-03,07:46:50,340,Coffee
709,2016-11-03,07:46:50,340,Bread
710,2016-11-03,07:50:50,341,Medialuna
711,2016-11-03,07:50:50,341,Medialuna
712,2016-11-03,08:01:08,342,Medialuna
713,2016-11-03,08:01:08,342,Bread
714,2016-11-03,08:07:16,343,Farm House
715,2016-11-03,08:08:26,344,Coffee
716,2016-11-03,08:08:26,344,Pastry
717,2016-11-03,08:09:59,345,Farm House
719,2016-11-03,08:15:21,346,Coffee
720,2016-11-03,08:15:21,346,Coffee
721,2016-11-03,08:15:21,346,Pastry
722,2016-11-03,08:15:21,346,Pastry
723,2016-11-03,08:15:21,346,Coffee
724,2016-11-03,08:40:43,347,Medialuna
725,2016-11-03,08:49:23,348,Bread
727,2016-11-03,08:49:23,348,Tea
728,2016-11-03,08:49:23,348,Sandwich
729,2016-11-03,08:54:40,349,Bread
730,2016-11-03,09:00:24,350,Jam
731,2016-11-03,09:00:24,350,Coffee
732,2016-11-03,09:00:24,350,Farm House
733,2016-11-03,09:02:32,351,Focaccia
734,2016-11-03,09:06:17,352,Bread
735,2016-11-03,09:08:32,353,Tartine
736,2016-11-03,09:08:32,353,Pastry
737,2016-11-03,09:08:32,353,Bread
738,2016-11-03,09:08:32,353,My-5 Fruit Shoot
739,2016-11-03,09:13:37,354,Farm House
740,2016-11-03,09:13:37,354,Pastry
741,2016-11-03,09:19:54,355,Bread
742,2016-11-03,09:19:54,355,Pastry
743,2016-11-03,09:24:38,356,Pastry
744,2016-11-03,09:24:38,356,Bread
745,2016-11-03,09:31:19,357,Jam
746,2016-11-03,09:31:19,357,Coffee
747,2016-11-03,09:34:00,358,Farm House
748,2016-11-03,09:34:56,359,Bread
749,2016-11-03,09:34:56,359,Pastry
750,2016-11-03,09:44:36,360,Coffee
751,2016-11-03,09:44:36,360,Tea
752,2016-11-03,09:44:36,360,Bread
753,2016-11-03,09:45:20,361,Jam
754,2016-11-03,09:57:55,363,Pastry
755,2016-11-03,09:57:55,363,Medialuna
756,2016-11-03,09:57:55,363,Medialuna
757,2016-11-03,09:59:18,364,Coffee
758,2016-11-03,10:01:12,365,Tea
759,2016-11-03,10:04:37,366,Bread
760,2016-11-03,10:10:26,367,Bread
761,2016-11-03,10:10:26,367,Pastry
762,2016-11-03,10:13:05,368,Pastry
763,2016-11-03,10:26:03,369,Farm House
764,2016-11-03,10:27:05,370,Tea
765,2016-11-03,10:39:12,371,Coffee
766,2016-11-03,10:39:12,371,Brownie
767,2016-11-03,10:39:12,371,Alfajores
768,2016-11-03,10:39:12,371,Fudge
769,2016-11-03,10:48:46,372,Bread
770,2016-11-03,10:48:46,372,Fudge
771,2016-11-03,10:48:46,372,Cookies
772,2016-11-03,11:03:49,373,Coffee
773,2016-11-03,11:05:44,374,Bread
774,2016-11-03,11:15:14,375,Coffee
775,2016-11-03,11:15:14,375,Coffee
776,2016-11-03,11:15:14,375,Jam
777,2016-11-03,11:15:14,375,Pastry
778,2016-11-03,11:20:31,376,Soup
779,2016-11-03,11:20:31,376,Coffee
780,2016-11-03,11:23:16,377,Smoothies
781,2016-11-03,11:23:16,377,Soup
782,2016-11-03,11:23:16,377,Hearty & Seasonal
783,2016-11-03,11:23:16,377,Pastry
784,2016-11-03,11:31:01,378,Pastry
785,2016-11-03,11:31:01,378,Bread
786,2016-11-03,11:47:18,379,Pastry
787,2016-11-03,11:47:18,379,Medialuna
789,2016-11-03,11:51:52,380,Tea
790,2016-11-03,11:51:52,380,Coffee
791,2016-11-03,11:53:09,381,Bread
792,2016-11-03,11:53:09,381,Cookies
793,2016-11-03,12:01:18,382,Coffee
794,2016-11-03,12:01:18,382,Coffee
795,2016-11-03,12:01:18,382,Bread
796,2016-11-03,12:01:18,382,Hearty & Seasonal
797,2016-11-03,12:01:18,382,Pick and Mix Bowls
798,2016-11-03,12:01:18,382,Sandwich
799,2016-11-03,12:01:18,382,Focaccia
800,2016-11-03,12:02:49,383,Coffee
801,2016-11-03,12:05:25,384,Coffee
802,2016-11-03,12:05:25,384,Sandwich
803,2016-11-03,12:05:25,384,Brownie
804,2016-11-03,12:07:24,385,Brownie
805,2016-11-03,12:07:24,385,Cookies
806,2016-11-03,12:12:03,386,Coffee
807,2016-11-03,12:16:15,387,Coffee
809,2016-11-03,12:23:47,388,Sandwich
811,2016-11-03,12:23:47,388,Bread
812,2016-11-03,12:23:47,388,Coffee
813,2016-11-03,12:37:58,389,Coffee
814,2016-11-03,12:37:58,389,Hot chocolate
815,2016-11-03,12:47:09,390,Tea
817,2016-11-03,13:02:37,391,Sandwich
818,2016-11-03,13:02:37,391,Coffee
819,2016-11-03,13:02:37,391,Brownie
820,2016-11-03,13:19:57,392,Brownie
821,2016-11-03,13:19:57,392,Pastry
822,2016-11-03,13:19:57,392,Focaccia
823,2016-11-03,13:19:57,392,Farm House
824,2016-11-03,13:30:57,393,Cake
825,2016-11-03,13:30:57,393,Focaccia
826,2016-11-03,13:35:48,394,Soup
827,2016-11-03,13:35:48,394,Hearty & Seasonal
828,2016-11-03,13:35:48,394,Mineral water
829,2016-11-03,13:36:09,395,Hearty & Seasonal
830,2016-11-03,13:37:53,396,Hearty & Seasonal
831,2016-11-03,13:41:42,397,Coffee
832,2016-11-03,13:41:42,397,Coffee
833,2016-11-03,13:41:42,397,Pastry
834,2016-11-03,14:00:26,398,Coffee
835,2016-11-03,14:03:07,399,Tea
836,2016-11-03,14:03:07,399,Cake
837,2016-11-03,14:09:44,400,Coffee
838,2016-11-03,14:09:44,400,Soup
839,2016-11-03,14:14:56,401,Bread
840,2016-11-03,14:14:56,401,Focaccia
841,2016-11-03,14:14:56,401,Fudge
842,2016-11-03,14:16:50,402,Hot chocolate
843,2016-11-03,14:16:50,402,Coffee
844,2016-11-03,14:16:50,402,Alfajores
845,2016-11-03,14:26:27,403,Brownie
846,2016-11-03,14:26:27,403,Pastry
847,2016-11-03,14:26:27,403,Cake
848,2016-11-03,14:40:15,404,Medialuna
849,2016-11-03,14:40:15,404,Alfajores
850,2016-11-03,14:40:15,404,Dulce de Leche
851,2016-11-03,14:41:13,405,Dulce de Leche
852,2016-11-03,14:41:13,405,Alfajores
853,2016-11-03,14:48:35,406,Bread
854,2016-11-03,14:48:35,406,Cake
855,2016-11-03,14:51:45,407,Cake
856,2016-11-03,14:51:45,407,Coffee
857,2016-11-03,15:00:24,408,Bread
858,2016-11-03,15:01:52,409,Sandwich
859,2016-11-03,15:06:48,410,Bread
860,2016-11-03,15:06:48,410,Coffee
861,2016-11-03,15:06:48,410,Alfajores
862,2016-11-03,15:06:48,410,Medialuna
863,2016-11-03,15:19:41,411,Coffee
864,2016-11-03,15:23:33,412,Bread
865,2016-11-03,15:23:33,412,Alfajores
866,2016-11-03,15:27:03,413,Tea
867,2016-11-03,15:27:03,413,Coffee
868,2016-11-03,15:33:17,414,Bread
869,2016-11-03,15:33:40,415,Dulce de Leche
870,2016-11-03,15:40:11,416,Farm House
871,2016-11-03,15:41:18,417,Fudge
872,2016-11-03,15:42:41,418,Coffee
873,2016-11-03,15:55:46,419,Coffee
874,2016-11-03,15:55:46,419,Alfajores
875,2016-11-03,15:55:46,419,Juice
876,2016-11-03,15:55:46,419,Ella's Kitchen Pouches
877,2016-11-03,15:55:46,419,Brownie
878,2016-11-03,15:59:29,420,Alfajores
879,2016-11-03,16:06:19,421,Alfajores
880,2016-11-03,16:06:19,421,Brownie
881,2016-11-03,16:06:19,421,Cookies
882,2016-11-03,16:06:19,421,Bread
883,2016-11-03,16:06:19,421,Juice
884,2016-11-03,16:10:01,422,Cake
885,2016-11-03,16:10:01,422,Cookies
886,2016-11-03,16:17:24,423,Pick and Mix Bowls
887,2016-11-03,16:28:32,424,Coffee
888,2016-11-03,16:42:40,425,Farm House
889,2016-11-03,17:15:20,426,Tea
890,2016-11-03,17:25:09,427,Coffee
891,2016-11-03,17:29:00,428,Focaccia
892,2016-11-03,17:29:00,428,Farm House
893,2016-11-03,17:32:25,429,Dulce de Leche
894,2016-11-03,17:40:05,430,Juice
895,2016-11-03,17:40:05,430,My-5 Fruit Shoot
896,2016-11-03,17:40:05,430,Ella's Kitchen Pouches
897,2016-11-03,17:40:05,430,Cookies
898,2016-11-03,17:45:07,431,Bread
899,2016-11-03,18:07:31,432,Hot chocolate
900,2016-11-03,18:08:19,433,Coffee
901,2016-11-03,18:51:13,435,Coffee
902,2016-11-03,19:00:19,436,Coffee
903,2016-11-04,07:32:33,437,Medialuna
904,2016-11-04,08:34:28,438,Bread
905,2016-11-04,08:34:28,438,Tea
906,2016-11-04,08:34:28,438,Jam
907,2016-11-04,08:36:49,439,Farm House
908,2016-11-04,08:40:07,440,Bread
909,2016-11-04,08:45:42,441,Coffee
911,2016-11-04,08:53:11,442,Medialuna
912,2016-11-04,08:53:11,442,Coffee
913,2016-11-04,09:02:15,443,Bread
914,2016-11-04,09:05:15,444,Medialuna
915,2016-11-04,09:05:15,444,Pastry
916,2016-11-04,09:05:15,444,Medialuna
917,2016-11-04,09:07:34,445,Coffee
918,2016-11-04,09:07:34,445,Coffee
919,2016-11-04,09:07:34,445,Jam
920,2016-11-04,09:08:17,446,Bread
921,2016-11-04,09:08:17,446,Coffee
922,2016-11-04,09:09:54,447,Coffee
923,2016-11-04,09:09:54,447,Coffee
924,2016-11-04,09:11:33,448,Bread
925,2016-11-04,09:13:17,449,Hot chocolate
926,2016-11-04,09:14:38,450,Bread
927,2016-11-04,09:14:38,450,Medialuna
928,2016-11-04,09:22:21,451,Bread
929,2016-11-04,09:22:21,451,Jam
930,2016-11-04,09:23:35,452,Jam
931,2016-11-04,09:23:35,452,Bread
932,2016-11-04,09:24:29,453,Coffee
933,2016-11-04,09:24:29,453,Bread
934,2016-11-04,09:29:16,454,Bread
935,2016-11-04,09:29:16,454,Farm House
936,2016-11-04,09:30:11,455,Bread
937,2016-11-04,09:30:11,455,Coffee
938,2016-11-04,09:30:11,455,Coffee
939,2016-11-04,09:38:45,456,Tea
940,2016-11-04,09:38:45,456,Pastry
941,2016-11-04,09:40:56,457,Coffee
942,2016-11-04,09:40:56,457,Coffee
943,2016-11-04,09:52:19,458,Bread
944,2016-11-04,09:55:18,459,Pastry
945,2016-11-04,09:55:18,459,Brownie
946,2016-11-04,10:01:40,460,Farm House
947,2016-11-04,10:01:57,461,Coffee
948,2016-11-04,10:10:37,462,Tea
949,2016-11-04,10:10:37,462,Coffee
950,2016-11-04,10:10:37,462,Honey
951,2016-11-04,10:10:37,462,Cookies
952,2016-11-04,10:14:10,463,Tea
953,2016-11-04,10:24:15,464,Bread
954,2016-11-04,10:25:24,465,Brownie
955,2016-11-04,10:35:23,466,Bread
956,2016-11-04,10:35:23,466,Coffee
957,2016-11-04,10:36:59,467,Bread
958,2016-11-04,10:41:46,468,Coffee
959,2016-11-04,10:48:39,469,Tea
960,2016-11-04,10:48:39,469,Tea
961,2016-11-04,10:51:01,470,Tea
962,2016-11-04,10:54:43,471,Coffee
963,2016-11-04,10:54:43,471,Coffee
964,2016-11-04,11:00:57,473,Bread
965,2016-11-04,11:00:57,473,Coffee
966,2016-11-04,11:06:54,474,Bread
967,2016-11-04,11:06:54,474,Bread
968,2016-11-04,11:10:13,475,Bread
969,2016-11-04,11:10:13,475,The BART
970,2016-11-04,11:12:22,476,Coffee
972,2016-11-04,11:12:22,476,Brownie
973,2016-11-04,11:13:28,477,Coffee
974,2016-11-04,11:17:35,478,Coffee
975,2016-11-04,11:17:35,478,Brownie
976,2016-11-04,11:25:41,479,Mineral water
977,2016-11-04,11:25:41,479,Coffee
978,2016-11-04,11:25:41,479,Coffee
979,2016-11-04,11:25:41,479,Tartine
981,2016-11-04,11:33:11,480,Brownie
982,2016-11-04,11:33:11,480,Coffee
983,2016-11-04,11:36:07,481,Brownie
984,2016-11-04,11:36:07,481,Juice
985,2016-11-04,11:42:12,482,Coffee
986,2016-11-04,11:42:12,482,Coffee
987,2016-11-04,11:42:12,482,Bread
988,2016-11-04,11:42:12,482,Tea
989,2016-11-04,11:42:12,482,Alfajores
990,2016-11-04,11:42:12,482,Medialuna
991,2016-11-04,11:42:12,482,Pastry
992,2016-11-04,11:42:12,482,Jam
993,2016-11-04,12:09:05,483,Bread
994,2016-11-04,12:13:14,484,Fudge
995,2016-11-04,12:13:14,484,Fudge
996,2016-11-04,12:17:15,485,Coffee
997,2016-11-04,12:17:15,485,Pick and Mix Bowls
998,2016-11-04,12:34:45,486,Pastry
999,2016-11-04,12:34:45,486,Bread
1000,2016-11-04,12:45:42,487,Soup
1001,2016-11-04,12:45:42,487,Scandinavian
1002,2016-11-04,12:45:42,487,Coffee
1003,2016-11-04,12:45:42,487,Mineral water
1004,2016-11-04,12:51:54,488,Juice
1005,2016-11-04,12:51:54,488,Mineral water
1006,2016-11-04,12:51:54,488,Sandwich
1007,2016-11-04,12:51:54,488,Pick and Mix Bowls
1008,2016-11-04,12:54:15,489,Bread
1011,2016-11-04,12:54:15,489,Pastry
1012,2016-11-04,12:54:15,489,Bread
1013,2016-11-04,12:56:51,490,Hearty & Seasonal
1014,2016-11-04,12:56:51,490,Hearty & Seasonal
1015,2016-11-04,12:56:51,490,Coffee
1016,2016-11-04,12:56:51,490,Coffee
1017,2016-11-04,13:01:38,491,Bread
1018,2016-11-04,13:01:38,491,Hearty & Seasonal
1019,2016-11-04,13:01:38,491,Coffee
1020,2016-11-04,13:01:38,491,Mineral water
1021,2016-11-04,13:04:40,492,Coffee
1022,2016-11-04,13:04:40,492,Tartine
1023,2016-11-04,13:04:40,492,Sandwich
1024,2016-11-04,13:04:40,492,Brownie
1025,2016-11-04,13:15:24,493,Coffee
1026,2016-11-04,13:15:24,493,Brownie
1027,2016-11-04,13:39:44,494,Alfajores
1028,2016-11-04,13:39:44,494,Coffee
1029,2016-11-04,13:39:44,494,Tartine
1030,2016-11-04,13:55:51,495,Mighty Protein
1031,2016-11-04,13:55:51,495,Coffee
1032,2016-11-04,14:04:31,497,Coffee
1033,2016-11-04,14:04:31,497,Hot chocolate
1034,2016-11-04,14:16:07,498,Soup
1035,2016-11-04,14:16:07,498,Jam
1036,2016-11-04,14:16:07,498,Coffee
1037,2016-11-04,14:16:07,498,Coffee
1038,2016-11-04,14:17:39,499,Mineral water
1039,2016-11-04,14:17:39,499,Brownie
1040,2016-11-04,14:24:36,500,Scandinavian
1041,2016-11-04,14:24:36,500,Coffee
1042,2016-11-04,14:30:08,501,Scandinavian
1043,2016-11-04,14:30:08,501,Coffee
1044,2016-11-04,14:49:02,502,Coffee
1045,2016-11-04,14:49:02,502,Coffee
1046,2016-11-04,14:51:22,503,Coffee
1047,2016-11-04,14:51:22,503,Coffee
1048,2016-11-04,14:51:22,503,Hot chocolate
1049,2016-11-04,14:51:22,503,Brownie
1050,2016-11-04,14:51:22,503,Hearty & Seasonal
1051,2016-11-04,15:18:24,504,Tea
1052,2016-11-04,15:18:24,504,Cake
1053,2016-11-04,15:20:23,505,Medialuna
1054,2016-11-04,15:31:51,506,Alfajores
1055,2016-11-04,15:31:51,506,Tea
1056,2016-11-04,15:31:51,506,Coffee
1057,2016-11-04,15:35:06,507,Coffee
1058,2016-11-04,15:35:06,507,Juice
1059,2016-11-04,15:35:06,507,Brownie
1060,2016-11-04,15:35:06,507,Alfajores
1061,2016-11-04,15:35:49,508,Coffee
1062,2016-11-04,15:35:49,508,Sandwich
1063,2016-11-04,15:36:38,509,Bread
1064,2016-11-04,15:36:38,509,Soup
1065,2016-11-04,15:37:02,510,Soup
1066,2016-11-04,15:37:02,510,Bread
1067,2016-11-04,15:38:27,511,Bread
1068,2016-11-04,15:39:57,512,Tea
1069,2016-11-04,15:39:57,512,Brownie
1070,2016-11-04,15:39:57,512,Cookies
1071,2016-11-04,15:41:06,513,Coffee
1072,2016-11-04,15:41:06,513,Bread
1073,2016-11-04,15:41:06,513,Brownie
1074,2016-11-04,15:51:24,514,Brownie
1075,2016-11-04,15:57:56,515,Cookies
1076,2016-11-04,15:57:56,515,Bread
1077,2016-11-04,15:57:56,515,Jam
1078,2016-11-04,16:04:23,516,Coffee
1079,2016-11-04,16:14:01,517,Tea
1080,2016-11-04,16:14:01,517,Brownie
1081,2016-11-04,16:14:01,517,Tea
1082,2016-11-04,16:56:18,518,Alfajores
1083,2016-11-04,16:56:18,518,Medialuna
1084,2016-11-04,16:56:18,518,Scandinavian
1085,2016-11-04,17:52:34,519,Hot chocolate
1086,2016-11-04,17:52:34,519,Coffee
1087,2016-11-04,17:52:34,519,Alfajores
1088,2016-11-04,17:52:34,519,Cookies
1089,2016-11-04,17:58:43,520,Brownie
1090,2016-11-04,18:48:37,521,Fudge
1091,2016-11-04,19:02:45,522,Tea
1092,2016-11-04,19:02:45,522,Brownie
1093,2016-11-04,20:00:47,523,Dulce de Leche
1094,2016-11-04,20:00:47,523,Fudge
1095,2016-11-05,08:29:32,524,Bread
1096,2016-11-05,08:29:32,524,Scandinavian
1097,2016-11-05,08:29:32,524,Fudge
1098,2016-11-05,08:29:32,524,Granola
1099,2016-11-05,08:29:32,524,Pastry
1100,2016-11-05,08:29:32,524,Coffee
1101,2016-11-05,08:32:12,525,Bread
1102,2016-11-05,08:32:12,525,Fudge
1103,2016-11-05,08:36:10,526,Hot chocolate
1104,2016-11-05,08:36:10,526,Coffee
1106,2016-11-05,08:36:10,526,Medialuna
1107,2016-11-05,08:36:10,526,Medialuna
1108,2016-11-05,08:39:13,527,Bread
1109,2016-11-05,08:42:16,528,Bread
1110,2016-11-05,08:42:16,528,Medialuna
1111,2016-11-05,08:50:09,529,Bread
1112,2016-11-05,08:50:09,529,Coffee
1113,2016-11-05,08:50:09,529,Medialuna
1114,2016-11-05,08:50:09,529,Jam
1115,2016-11-05,08:51:08,530,Jam
1116,2016-11-05,08:51:08,530,Coffee
1117,2016-11-05,08:51:08,530,Brownie
1118,2016-11-05,08:53:55,531,Bread
1119,2016-11-05,08:53:55,531,Coffee
1120,2016-11-05,08:53:55,531,Jam
1121,2016-11-05,08:57:49,532,Scandinavian
1122,2016-11-05,09:00:47,533,Coffee
1123,2016-11-05,09:00:47,533,Cookies
1124,2016-11-05,09:03:58,534,Coffee
1125,2016-11-05,09:03:58,534,Coffee
1126,2016-11-05,09:03:58,534,Scandinavian
1127,2016-11-05,09:09:16,535,Bread
1128,2016-11-05,09:10:36,536,Bread
1130,2016-11-05,09:18:53,537,Jam
1131,2016-11-05,09:18:53,537,Brownie
1132,2016-11-05,09:18:53,537,Coffee
1133,2016-11-05,09:18:53,537,Coffee
1134,2016-11-05,09:19:59,538,Coffee
1135,2016-11-05,09:26:27,539,Brownie
1136,2016-11-05,09:26:27,539,Hot chocolate
1137,2016-11-05,09:27:36,540,Bread
1138,2016-11-05,09:33:49,541,Bread
1139,2016-11-05,09:33:49,541,Bread
1140,2016-11-05,09:33:49,541,Medialuna
1141,2016-11-05,09:34:43,542,Coffee
1142,2016-11-05,09:34:43,542,Hot chocolate
1143,2016-11-05,09:34:43,542,Brownie
1144,2016-11-05,09:36:48,543,Scandinavian
1146,2016-11-05,09:40:12,544,Basket
1147,2016-11-05,09:40:12,544,Bread
1148,2016-11-05,09:41:44,545,Coffee
1149,2016-11-05,09:41:44,545,Bread
1150,2016-11-05,09:41:44,545,Brownie
1151,2016-11-05,09:43:52,546,Cake
1152,2016-11-05,09:43:52,546,Fudge
1153,2016-11-05,09:47:53,547,Coffee
1154,2016-11-05,09:47:53,547,Hot chocolate
1155,2016-11-05,09:47:53,547,Coffee
1156,2016-11-05,09:47:53,547,Basket
1157,2016-11-05,10:01:24,548,Scandinavian
1158,2016-11-05,10:07:32,549,Scandinavian
1159,2016-11-05,10:14:02,550,Coffee
1160,2016-11-05,10:14:02,550,Bread
1161,2016-11-05,10:14:02,550,Coffee
1162,2016-11-05,10:14:02,550,Cake
1163,2016-11-05,10:14:02,550,Medialuna
1164,2016-11-05,10:17:23,551,Coffee
1165,2016-11-05,10:17:23,551,Coffee
1166,2016-11-05,10:17:23,551,Medialuna
1167,2016-11-05,10:19:59,552,Bread
1168,2016-11-05,10:19:59,552,Pastry
1169,2016-11-05,10:20:46,553,Bread
1170,2016-11-05,10:20:46,553,Brownie
1171,2016-11-05,10:23:02,554,Medialuna
1172,2016-11-05,10:23:02,554,Farm House
1173,2016-11-05,10:24:34,555,Bread
1174,2016-11-05,10:24:34,555,Medialuna
1175,2016-11-05,10:26:16,556,Brownie
1176,2016-11-05,10:26:16,556,Medialuna
1177,2016-11-05,10:26:16,556,Hot chocolate
1178,2016-11-05,10:26:16,556,Smoothies
1179,2016-11-05,10:26:16,556,Coffee
1180,2016-11-05,10:29:41,557,Bread
1181,2016-11-05,10:29:41,557,Tea
1182,2016-11-05,10:29:41,557,Coffee
1183,2016-11-05,10:29:41,557,Brownie
1184,2016-11-05,10:29:41,557,Medialuna
1185,2016-11-05,10:32:09,558,Medialuna
1186,2016-11-05,10:32:09,558,Medialuna
1187,2016-11-05,10:32:09,558,Cookies
1188,2016-11-05,10:33:20,559,Coffee
1189,2016-11-05,10:33:20,559,Medialuna
1190,2016-11-05,10:35:12,560,Bread
1191,2016-11-05,10:35:12,560,Fudge
1192,2016-11-05,10:38:58,562,Coffee
1193,2016-11-05,10:38:58,562,Tea
1194,2016-11-05,10:40:35,563,Coffee
1195,2016-11-05,10:40:35,563,Cookies
1196,2016-11-05,10:43:10,564,Pastry
1197,2016-11-05,10:43:10,564,Bread
1198,2016-11-05,10:43:10,564,Brownie
1199,2016-11-05,10:44:58,565,Bread
1200,2016-11-05,10:44:58,565,Coffee
1201,2016-11-05,10:44:58,565,Bread
1203,2016-11-05,10:52:09,566,Coffee
1204,2016-11-05,10:52:09,566,Coffee
1205,2016-11-05,10:52:09,566,Tea
1206,2016-11-05,10:53:49,567,Bread
1207,2016-11-05,10:57:31,568,Medialuna
1208,2016-11-05,10:57:31,568,Coffee
1209,2016-11-05,11:03:33,569,My-5 Fruit Shoot
1210,2016-11-05,11:03:33,569,Coffee
1211,2016-11-05,11:03:33,569,Brownie
1212,2016-11-05,11:07:57,570,Coffee
1213,2016-11-05,11:07:57,570,Fudge
1214,2016-11-05,11:14:43,571,Coffee
1215,2016-11-05,11:20:07,572,Coffee
1216,2016-11-05,11:20:07,572,Basket
1217,2016-11-05,11:20:30,573,Farm House
1218,2016-11-05,11:21:31,574,Farm House
1219,2016-11-05,11:22:49,575,Coffee
1220,2016-11-05,11:22:49,575,Brownie
1221,2016-11-05,11:24:17,576,Scandinavian
1222,2016-11-05,11:24:17,576,Brownie
1223,2016-11-05,11:24:17,576,My-5 Fruit Shoot
1225,2016-11-05,11:26:56,577,Tartine
1226,2016-11-05,11:26:56,577,Coffee
1227,2016-11-05,11:26:56,577,Hot chocolate
1228,2016-11-05,11:26:56,577,Brownie
1229,2016-11-05,11:31:33,578,Brownie
1230,2016-11-05,11:31:33,578,Bread
1231,2016-11-05,11:31:33,578,Hot chocolate
1232,2016-11-05,11:34:15,579,Jam
1233,2016-11-05,11:34:15,579,Fudge
1234,2016-11-05,11:35:46,580,Coffee
1235,2016-11-05,11:37:53,581,Fudge
1236,2016-11-05,11:49:10,583,Mighty Protein
1237,2016-11-05,11:49:10,583,Hearty & Seasonal
1238,2016-11-05,11:49:10,583,Coffee
1239,2016-11-05,11:49:10,583,Tea
1240,2016-11-05,11:49:10,583,Cake
1241,2016-11-05,11:49:56,584,Coffee
1242,2016-11-05,11:50:54,585,Scandinavian
1243,2016-11-05,11:53:38,586,Cake
1244,2016-11-05,11:53:38,586,Victorian Sponge
1245,2016-11-05,11:53:38,586,Scandinavian
1246,2016-11-05,11:56:57,587,Tea
1247,2016-11-05,11:56:57,587,Cake
1248,2016-11-05,11:58:21,588,Coffee
1249,2016-11-05,11:58:21,588,Coffee
1250,2016-11-05,12:14:47,589,Coffee
1251,2016-11-05,12:14:47,589,Coffee
1252,2016-11-05,12:15:45,590,Bread
1253,2016-11-05,12:18:04,591,Frittata
1254,2016-11-05,12:19:48,592,Coffee
1255,2016-11-05,12:19:48,592,Coffee
1256,2016-11-05,12:19:48,592,My-5 Fruit Shoot
1257,2016-11-05,12:19:48,592,Brownie
1258,2016-11-05,12:22:00,593,Focaccia
1259,2016-11-05,12:22:00,593,Fairy Doors
1261,2016-11-05,12:27:50,594,Tea
1262,2016-11-05,12:27:50,594,Coffee
1263,2016-11-05,12:27:50,594,Coffee
1265,2016-11-05,12:31:46,595,Hot chocolate
1266,2016-11-05,12:31:46,595,Hearty & Seasonal
1267,2016-11-05,12:31:46,595,Pick and Mix Bowls
1268,2016-11-05,12:31:46,595,Brownie
1269,2016-11-05,12:35:28,596,Frittata
1270,2016-11-05,12:35:28,596,Coffee
1271,2016-11-05,12:37:20,597,Bread
1272,2016-11-05,12:37:20,597,Brownie
1273,2016-11-05,12:44:11,598,Frittata
1274,2016-11-05,12:46:04,599,Scandinavian
1275,2016-11-05,12:52:29,600,Bread
1276,2016-11-05,12:57:51,601,Farm House
1277,2016-11-05,12:58:46,602,Pick and Mix Bowls
1278,2016-11-05,12:58:46,602,Jam
1279,2016-11-05,12:58:46,602,Soup
1280,2016-11-05,12:58:46,602,Brownie
1281,2016-11-05,13:01:28,603,Hearty & Seasonal
1282,2016-11-05,13:01:28,603,Coffee
1283,2016-11-05,13:01:28,603,Tea
1284,2016-11-05,13:03:55,604,Bread
1285,2016-11-05,13:05:23,605,Bread
1286,2016-11-05,13:05:23,605,Frittata
1287,2016-11-05,13:12:16,606,Scandinavian
1289,2016-11-05,13:23:34,608,Tartine
1290,2016-11-05,13:23:34,608,Hot chocolate
1291,2016-11-05,13:23:34,608,Coffee
1292,2016-11-05,13:25:20,609,Coffee
1293,2016-11-05,13:25:20,609,Mighty Protein
1294,2016-11-05,13:27:11,610,Frittata
1295,2016-11-05,13:27:11,610,Coffee
1296,2016-11-05,13:29:26,611,Scandinavian
1297,2016-11-05,13:31:32,612,Hearty & Seasonal
1298,2016-11-05,13:31:32,612,Coffee
1299,2016-11-05,13:31:32,612,Mineral water
1300,2016-11-05,13:43:24,613,Scandinavian
1301,2016-11-05,13:45:35,615,Bread
1302,2016-11-05,13:45:35,615,Coffee
1303,2016-11-05,13:57:58,616,Hearty & Seasonal
1304,2016-11-05,13:57:58,616,Soup
1305,2016-11-05,13:57:58,616,Bread
1306,2016-11-05,13:57:58,616,Coffee
1307,2016-11-05,14:03:14,617,Brownie
1308,2016-11-05,14:03:14,617,Cake
1309,2016-11-05,14:03:14,617,Tea
1310,2016-11-05,14:08:03,618,Mighty Protein
1311,2016-11-05,14:08:03,618,Coffee
1312,2016-11-05,14:12:41,620,Coffee
1313,2016-11-05,14:12:41,620,Tea
1314,2016-11-05,14:12:41,620,Brownie
1315,2016-11-05,14:12:41,620,Soup
1316,2016-11-05,14:14:11,621,Cake
1317,2016-11-05,14:32:52,622,Hot chocolate
1318,2016-11-05,14:32:52,622,Coffee
1319,2016-11-05,14:32:52,622,Cake
1320,2016-11-05,14:48:55,623,Hearty & Seasonal
1321,2016-11-05,14:48:55,623,Coffee
1322,2016-11-05,14:49:57,624,Coffee
1323,2016-11-05,15:14:47,625,Frittata
1324,2016-11-05,15:14:47,625,Coffee
1325,2016-11-05,15:14:47,625,Brownie
1326,2016-11-05,15:17:20,626,Sandwich
1327,2016-11-05,15:17:20,626,Frittata
1328,2016-11-05,15:17:20,626,Coke
1329,2016-11-05,15:17:20,626,Mineral water
1330,2016-11-05,15:17:20,626,Brownie
1331,2016-11-05,15:18:59,627,Granola
1332,2016-11-05,15:18:59,627,Scandinavian
1333,2016-11-05,15:21:16,628,Coffee
1334,2016-11-05,15:21:16,628,Coke
1335,2016-11-05,15:21:16,628,Coffee
1336,2016-11-05,15:24:18,629,Tea
1337,2016-11-05,15:24:18,629,Tea
1338,2016-11-05,15:24:18,629,Brownie
1339,2016-11-05,15:24:18,629,Cake
1340,2016-11-05,15:36:57,630,Fudge
1341,2016-11-05,15:40:12,631,Coffee
1342,2016-11-05,15:43:51,632,Brownie
1343,2016-11-05,15:45:29,633,Cake
1344,2016-11-05,15:46:54,634,Tea
1345,2016-11-05,15:53:52,635,Coffee
1346,2016-11-05,15:53:52,635,Coffee
1347,2016-11-05,15:53:52,635,Coffee
1348,2016-11-05,15:53:52,635,Soup
1349,2016-11-05,15:53:52,635,Sandwich
1350,2016-11-05,15:53:52,635,Cake
1351,2016-11-05,15:56:06,636,Coffee
1352,2016-11-05,15:56:06,636,Bread
1353,2016-11-05,15:56:06,636,Brownie
1354,2016-11-05,16:00:53,637,Bread
1355,2016-11-05,16:00:53,637,Coffee
1356,2016-11-05,16:00:53,637,Brownie
1357,2016-11-05,16:04:24,638,Coffee
1358,2016-11-05,16:04:24,638,Bread
1359,2016-11-05,16:04:24,638,Brownie
1360,2016-11-05,16:05:47,639,Brownie
1361,2016-11-05,16:05:47,639,Coffee
1362,2016-11-05,16:12:04,640,Coffee
1363,2016-11-05,16:12:04,640,Soup
1364,2016-11-05,16:12:04,640,Brownie
1365,2016-11-05,16:20:37,641,Fudge
1366,2016-11-05,16:20:45,642,Bread
1367,2016-11-05,16:20:45,642,Focaccia
1368,2016-11-05,16:33:28,643,Bread
1369,2016-11-05,16:33:28,643,Farm House
1370,2016-11-05,16:33:28,643,Jam
1371,2016-11-05,16:37:10,644,Hot chocolate
1372,2016-11-05,16:37:10,644,Brownie
1373,2016-11-05,16:43:30,645,Hot chocolate
1374,2016-11-05,16:45:21,646,Coffee
1375,2016-11-05,16:45:21,646,Brownie
1376,2016-11-05,18:45:24,647,Medialuna
1377,2016-11-05,18:45:24,647,Pastry
1378,2016-11-06,09:17:36,648,Bread
1379,2016-11-06,09:42:55,650,Coffee
1380,2016-11-06,09:42:55,650,Pastry
1381,2016-11-06,09:42:55,650,Bread
1383,2016-11-06,09:56:06,651,Coffee
1384,2016-11-06,09:56:06,651,Mineral water
1385,2016-11-06,10:09:41,652,Pastry
1386,2016-11-06,10:09:41,652,Bread
1387,2016-11-06,10:09:41,652,Hot chocolate
1388,2016-11-06,10:11:49,653,Bread
1389,2016-11-06,10:12:09,654,Bread
1390,2016-11-06,10:14:22,655,Jam
1391,2016-11-06,10:14:22,655,Coffee
1392,2016-11-06,10:14:22,655,Coffee
1393,2016-11-06,10:14:22,655,Bread
1395,2016-11-06,10:15:14,656,Coffee
1396,2016-11-06,10:15:14,656,Coffee
1397,2016-11-06,10:15:14,656,Pastry
1399,2016-11-06,10:18:08,657,Medialuna
1400,2016-11-06,10:18:08,657,Coffee
1401,2016-11-06,10:18:08,657,Coffee
1402,2016-11-06,10:18:08,657,Focaccia
1403,2016-11-06,10:18:08,657,Hearty & Seasonal
1404,2016-11-06,10:21:51,658,Bread
1405,2016-11-06,10:21:51,658,Farm House
1406,2016-11-06,10:21:51,658,Coffee
1407,2016-11-06,10:21:51,658,Jam
1408,2016-11-06,10:24:23,659,Farm House
1409,2016-11-06,10:43:58,660,Coffee
1410,2016-11-06,10:43:58,660,Tea
1411,2016-11-06,10:43:58,660,Pastry
1412,2016-11-06,10:43:58,660,Medialuna
1413,2016-11-06,10:45:59,661,Pastry
1414,2016-11-06,10:45:59,661,Medialuna
1415,2016-11-06,10:45:59,661,Coffee
1416,2016-11-06,10:49:53,662,Coffee
1417,2016-11-06,10:49:53,662,Hot chocolate
1418,2016-11-06,10:49:53,662,Basket
1419,2016-11-06,10:49:53,662,Farm House
1420,2016-11-06,10:54:06,663,Pastry
1421,2016-11-06,10:54:06,663,Farm House
1422,2016-11-06,10:56:49,664,Hot chocolate
1423,2016-11-06,10:56:49,664,Coffee
1424,2016-11-06,10:56:49,664,My-5 Fruit Shoot
1425,2016-11-06,10:58:14,665,Pastry
1426,2016-11-06,10:58:14,665,Medialuna
1427,2016-11-06,10:58:14,665,Muffin
1428,2016-11-06,11:02:43,666,Farm House
1429,2016-11-06,11:06:26,667,Muffin
1430,2016-11-06,11:06:26,667,Pastry
1431,2016-11-06,11:06:26,667,Focaccia
1432,2016-11-06,11:07:51,668,Coffee
1433,2016-11-06,11:07:51,668,Tea
1434,2016-11-06,11:09:23,669,Bread
1435,2016-11-06,11:11:13,670,Focaccia
1436,2016-11-06,11:14:18,671,Coffee
1437,2016-11-06,11:14:18,671,Hot chocolate
1438,2016-11-06,11:14:18,671,Pastry
1439,2016-11-06,11:14:18,671,Jam
1440,2016-11-06,11:16:02,672,Bread
1441,2016-11-06,11:17:47,673,Coffee
1442,2016-11-06,11:17:47,673,Pastry
1443,2016-11-06,11:17:47,673,Bread
1444,2016-11-06,11:19:02,674,Tea
1446,2016-11-06,11:20:27,675,Hot chocolate
1447,2016-11-06,11:20:27,675,Coffee
1448,2016-11-06,11:20:27,675,Mineral water
1449,2016-11-06,11:21:18,676,Coffee
1450,2016-11-06,11:21:18,676,Coffee
1451,2016-11-06,11:22:40,677,Coffee
1453,2016-11-06,11:24:38,678,Jam
1454,2016-11-06,11:24:38,678,Coffee
1455,2016-11-06,11:24:38,678,Coffee
1456,2016-11-06,11:33:18,680,Muffin
1457,2016-11-06,11:35:49,681,Bread
1458,2016-11-06,11:42:26,682,Bread
1459,2016-11-06,11:43:40,683,Bread
1461,2016-11-06,11:47:12,684,Muffin
1462,2016-11-06,11:47:12,684,Hot chocolate
1463,2016-11-06,11:47:12,684,Coffee
1464,2016-11-06,11:55:10,685,Muffin
1465,2016-11-06,11:55:10,685,Fudge
1466,2016-11-06,11:57:28,686,Bread
1467,2016-11-06,12:04:08,687,Bread
1468,2016-11-06,12:07:19,688,Farm House
1469,2016-11-06,12:11:20,689,Coffee
1470,2016-11-06,12:11:20,689,Muffin
1471,2016-11-06,12:19:31,690,Focaccia
1472,2016-11-06,12:22:28,691,Bread
1473,2016-11-06,12:22:28,691,Tea
1474,2016-11-06,12:23:34,692,Coffee
1475,2016-11-06,12:23:34,692,Hot chocolate
1476,2016-11-06,12:31:44,693,Coffee
1477,2016-11-06,12:31:44,693,Tartine
1478,2016-11-06,12:31:44,693,Coffee
1479,2016-11-06,12:31:44,693,Pick and Mix Bowls
1480,2016-11-06,12:31:44,693,Jam
1481,2016-11-06,12:38:33,695,Jam
1482,2016-11-06,12:39:03,696,Tartine
1483,2016-11-06,12:39:57,697,Bread
1484,2016-11-06,12:39:57,697,Coffee
1485,2016-11-06,12:42:42,698,Coffee
1486,2016-11-06,12:42:42,698,Coffee
1487,2016-11-06,12:42:42,698,Mineral water
1488,2016-11-06,12:42:42,698,Juice
1489,2016-11-06,12:42:42,698,Tartine
1490,2016-11-06,12:42:42,698,Pick and Mix Bowls
1491,2016-11-06,12:50:29,699,Bread
1492,2016-11-06,12:50:29,699,Tea
1493,2016-11-06,12:50:29,699,Juice
1494,2016-11-06,12:53:15,700,Coffee
1495,2016-11-06,12:53:15,700,Coffee
1496,2016-11-06,12:53:15,700,Cake
1497,2016-11-06,12:57:40,701,Farm House
1498,2016-11-06,12:58:12,702,Farm House
1499,2016-11-06,13:14:44,703,Cake
1500,2016-11-06,13:14:44,703,Brownie
1501,2016-11-06,13:14:44,703,Coffee
1502,2016-11-06,13:14:44,703,Coffee
1503,2016-11-06,13:28:44,704,Focaccia
1504,2016-11-06,13:28:44,704,Coffee
1505,2016-11-06,13:29:28,705,Tea
1506,2016-11-06,13:29:28,705,Coffee
1507,2016-11-06,13:29:28,705,Muffin
1508,2016-11-06,13:31:34,706,Coffee
1509,2016-11-06,13:45:10,707,Tea
1510,2016-11-06,13:45:10,707,Coffee
1511,2016-11-06,13:47:12,708,Hearty & Seasonal
1512,2016-11-06,13:47:12,708,Cake
1513,2016-11-06,13:47:12,708,Coffee
1514,2016-11-06,13:50:28,709,Bread
1515,2016-11-06,13:50:28,709,Tea
1516,2016-11-06,13:50:28,709,Cake
1517,2016-11-06,13:57:57,710,Mighty Protein
1518,2016-11-06,13:57:57,710,Coffee
1519,2016-11-06,14:00:33,711,Hot chocolate
1520,2016-11-06,14:00:33,711,Muffin
1521,2016-11-06,14:10:19,712,Coffee
1522,2016-11-06,14:10:19,712,Coffee
1523,2016-11-06,14:10:19,712,Soup
1524,2016-11-06,14:10:19,712,Mighty Protein
1525,2016-11-06,14:17:10,713,Jam
1526,2016-11-06,14:37:39,714,Coffee
1527,2016-11-06,14:37:39,714,Alfajores
1528,2016-11-06,14:44:24,715,Cake
1529,2016-11-06,14:44:24,715,Hot chocolate
1530,2016-11-06,14:44:24,715,Alfajores
1531,2016-11-06,14:50:44,716,Hot chocolate
1532,2016-11-06,14:50:44,716,Tea
1533,2016-11-06,14:50:44,716,Muffin
1534,2016-11-06,14:53:44,717,Brownie
1535,2016-11-06,14:54:24,718,Cake
1536,2016-11-06,14:54:24,718,Coffee
1537,2016-11-06,14:55:50,719,Victorian Sponge
1538,2016-11-06,14:55:50,719,Alfajores
1539,2016-11-06,14:55:50,719,Tea
1540,2016-11-06,14:56:49,720,Bread
1541,2016-11-06,15:04:15,721,Tartine
1542,2016-11-06,15:04:15,721,Tea
1543,2016-11-06,15:04:15,721,Tartine
1544,2016-11-06,15:12:51,722,Mighty Protein
1545,2016-11-06,15:12:51,722,Tea
1546,2016-11-06,15:15:18,723,Bread
1547,2016-11-06,15:15:18,723,Fudge
1548,2016-11-06,15:32:12,724,Medialuna
1549,2016-11-06,15:32:12,724,Tartine
